{
    "Full_smoe_sharev3": {
        "0": 0.016230931599934897,
        "1": 0.036934783299764,
        "2": 0.04375159327189128,
        "3": 0.049593834559122724,
        "4": 0.06137831560770671,
        "5": 0.05819450823465983,
        "6": 0.07368066342671713,
        "7": 0.0737657388051351,
        "8": 0.07031367492675782,
        "9": 0.0743710371653239,
        "10": 0.07626719665527344,
        "11": 0.08185233306884766,
        "12": 0.08185570335388184,
        "13": 0.08698831240336101,
        "14": 0.08238847668965657,
        "15": 0.09530963643391926,
        "16": 0.10292915217081705,
        "17": 0.11519987042744954,
        "18": 0.12698939514160157,
        "19": 0.1657615394592285,
        "20": 0.17576902389526367,
        "21": 0.21604390080769856,
        "22": 0.22719136555989583,
        "23": 0.25053853543599447,
        "24": 0.2555170809427897,
        "25": 0.2636446666717529,
        "26": 0.08152437273661295,
        "mm_projector": 0.15809321784973143
    },
    "Full_smoe_sigmoidgating": {
        "0": 0.020636048634847005,
        "1": 0.03857371203104655,
        "2": 0.04785407702128092,
        "3": 0.06017187404632569,
        "4": 0.0722760435740153,
        "5": 0.06839275709788005,
        "6": 0.08461241086324056,
        "7": 0.0805711701711019,
        "8": 0.07984088929494222,
        "9": 0.08018886788686116,
        "10": 0.08338480949401855,
        "11": 0.08319345219930013,
        "12": 0.09439206918080648,
        "13": 0.10016925589243571,
        "14": 0.09562981446584065,
        "15": 0.10733019765218099,
        "16": 0.1208842503229777,
        "17": 0.13028993161519367,
        "18": 0.15388763395945232,
        "19": 0.19940790780385334,
        "20": 0.20862067794799805,
        "21": 0.2636433811187744,
        "22": 0.2904689350128174,
        "23": 0.313883469581604,
        "24": 0.3449587049484253,
        "25": 0.337014123916626,
        "26": 0.1003252665201823,
        "mm_projector": 0.19151767094930014
    },
    "Full_smoe_plus_plus": {
        "0": 0.06610445778735448,
        "1": 0.0946813907502219,
        "2": 0.08625896432859978,
        "3": 0.09423069113326103,
        "4": 0.1049564320750457,
        "5": 0.09464160498976708,
        "6": 0.11570955561691275,
        "7": 0.1055959714090762,
        "8": 0.1078996111972956,
        "9": 0.11306024380978973,
        "10": 0.11812203975871671,
        "11": 0.1227332350537569,
        "12": 0.1150438518395725,
        "13": 0.12360862747820404,
        "14": 0.11579855889567019,
        "15": 0.1218887087739616,
        "16": 0.14458545308952064,
        "17": 0.15877398430816053,
        "18": 0.18283985217881854,
        "19": 0.21973929479415527,
        "20": 0.2486077296330283,
        "21": 0.3142141756780523,
        "22": 0.35252970869171746,
        "23": 0.37288001423891787,
        "24": 0.4132693492308414,
        "25": 0.4110849024784596,
        "26": 0.11312858353500875,
        "mm_projector": 0.2437930910186842
    },
    "Full_smoe": {
        "0": 0.049244167586478094,
        "1": 0.07554244405904319,
        "2": 0.09081345265440177,
        "3": 0.08630591842877523,
        "4": 0.09979288918047678,
        "5": 0.10122303172185396,
        "6": 0.1245215688451038,
        "7": 0.12150186384480913,
        "8": 0.11548515026372237,
        "9": 0.1130684446184508,
        "10": 0.1175724987970898,
        "11": 0.11725067770069776,
        "12": 0.11515439664688892,
        "13": 0.12244148471831189,
        "14": 0.12251222613814752,
        "15": 0.13252516509829243,
        "16": 0.1523834539943685,
        "17": 0.16378939406426313,
        "18": 0.1895023110039765,
        "19": 0.254712734861377,
        "20": 0.2648130096239814,
        "21": 0.3513533601220697,
        "22": 0.3782956214254567,
        "23": 0.41903673541767056,
        "24": 0.4275629177479617,
        "25": 0.4404547752702298,
        "26": 0.12152263600875934,
        "mm_projector": 0.24885860614827834
    },
    "Full_xmoe": {
        "0": 0.15056970564524333,
        "1": 0.19951777776082358,
        "2": 0.22216833718617757,
        "3": 0.19328030999501547,
        "4": 0.2115947586695353,
        "5": 0.21918247191111248,
        "6": 0.21761493333180745,
        "7": 0.21929038778940838,
        "8": 0.2282321236928304,
        "9": 0.22511378129323323,
        "10": 0.2216717545191447,
        "11": 0.17516081937154135,
        "12": 0.05537757428487142,
        "13": 0.053074861526489256,
        "14": 0.04418757025400798,
        "15": 0.029249887466430664,
        "16": 0.020352207819620768,
        "17": 0.01543604278564453,
        "18": 0.01616248639424642,
        "19": 0.016490907669067384,
        "20": 0.01425293477376302,
        "21": 0.024919589360555012,
        "22": 0.011386857986450196,
        "23": 0.013358558654785156,
        "24": 0.03662070147196452,
        "25": 0.02063303565979004,
        "26": 0.002635205586751302,
        "mm_projector": 0.015191097895304363
    },
    "Full_smoe_tcmoe": {
        "0": 0.10267744068118433,
        "1": 0.11299889409852525,
        "2": 0.12391079604889577,
        "3": 0.1119811408216289,
        "4": 0.13370083823330545,
        "5": 0.1118407626641371,
        "6": 0.13354234967357478,
        "7": 0.12434897718547533,
        "8": 0.12873973303687913,
        "9": 0.12098288360094496,
        "10": 0.12226859995400688,
        "11": 0.13242577140778303,
        "12": 0.12610217430326157,
        "13": 0.133863021299631,
        "14": 0.14629939934452219,
        "15": 0.15574130634556058,
        "16": 0.16915283615487473,
        "17": 0.19758286828105337,
        "18": 0.25651965055995,
        "19": 0.3363144343452295,
        "20": 0.39993723650610385,
        "21": 0.4832392746655193,
        "22": 0.4591475016825522,
        "23": 0.47563284915569237,
        "24": 0.4800158821128231,
        "25": 0.4957637139396199,
        "26": 0.19317124725866597,
        "mm_projector": 0.319326811163531
    },
    "Full_smoe_share": {
        "0": 0.03535178835201077,
        "1": 0.07737483077449724,
        "2": 0.06751945787505247,
        "3": 0.07542872965941205,
        "4": 0.08642619879404083,
        "5": 0.08280173706907469,
        "6": 0.10013823419786058,
        "7": 0.09451774462879015,
        "8": 0.09618997223535553,
        "9": 0.10094959531375207,
        "10": 0.10313921416465503,
        "11": 0.11232754998886958,
        "12": 0.10823619851151792,
        "13": 0.11448509363892177,
        "14": 0.10420365399378352,
        "15": 0.11744103628497882,
        "16": 0.13889431612286718,
        "17": 0.1542149654070381,
        "18": 0.17566491074518611,
        "19": 0.22162607888272032,
        "20": 0.23396070649754255,
        "21": 0.29222623670333997,
        "22": 0.30224923161432765,
        "23": 0.3311616037202378,
        "24": 0.3427706141487385,
        "25": 0.36822669838159344,
        "26": 0.10400550506240688,
        "mm_projector": 0.2072025761376911
    }
}