{
    "smoe_perturbed": {
        "mmbench_en_dev": {
            "checkpoint-1664": 0.0,
            "checkpoint-2496": 0.0,
            "checkpoint-3328": 0.0,
            "checkpoint-4160": 5.337960277301698e-7,
            "checkpoint-4992": 4.8041642495715284e-5,
            "checkpoint-5824": 0.0001917662229620635,
            "checkpoint-6656": 0.0002590245224560649,
            "checkpoint-7488": 0.00014332423344555058,
            "checkpoint-8316": 2.4688066282520354e-5
        },
        "scienceqa_img": {
            "checkpoint-1664": 0.0,
            "checkpoint-2496": 0.0,
            "checkpoint-3328": 0.0,
            "checkpoint-4160": 1.4320792042909675e-7,
            "checkpoint-4992": 5.155485135447483e-5,
            "checkpoint-5824": 0.00019948863315773178,
            "checkpoint-6656": 0.0002463176231380464,
            "checkpoint-7488": 9.680855421006941e-5,
            "checkpoint-8316": 1.2888712838618709e-5
        },
        "mmstar": {
            "checkpoint-1664": 0.0,
            "checkpoint-2496": 0.0,
            "checkpoint-3328": 0.0,
            "checkpoint-4160": 0.0,
            "checkpoint-4992": 7.394569612940497e-5,
            "checkpoint-5824": 0.000268053148469093,
            "checkpoint-6656": 0.00035663393029077597,
            "checkpoint-7488": 0.00015848257269401116,
            "checkpoint-8316": 2.060466011939149e-5
        }
    },
    "hyperrouter": {
        "mmbench_en_dev": {
            "checkpoint-1664": 0.40225060415701663,
            "checkpoint-2496": 0.41380128295206275,
            "checkpoint-3328": 0.41022671785236775,
            "checkpoint-4160": 0.3718480512241344,
            "checkpoint-4992": 0.5044765469375521,
            "checkpoint-5824": 0.3665365138502054,
            "checkpoint-6656": 0.257724729128542,
            "checkpoint-7488": 0.16335412869208366,
            "checkpoint-8316": 0.04343891952210843
        },
        "scienceqa_img": {
            "checkpoint-1664": 0.40273088911783067,
            "checkpoint-2496": 0.40586155746633107,
            "checkpoint-3328": 0.4108300130576981,
            "checkpoint-4160": 0.37380661259708425,
            "checkpoint-4992": 0.4998327331489389,
            "checkpoint-5824": 0.37291528650033356,
            "checkpoint-6656": 0.2670884999170826,
            "checkpoint-7488": 0.17107661136836028,
            "checkpoint-8316": 0.04400149279936255
        },
        "mmstar": {
            "checkpoint-1664": 0.3993993837858656,
            "checkpoint-2496": 0.412578471018679,
            "checkpoint-3328": 0.410683997689197,
            "checkpoint-4160": 0.3741292124013094,
            "checkpoint-4992": 0.49832428268823414,
            "checkpoint-5824": 0.368632967456191,
            "checkpoint-6656": 0.26082957827845177,
            "checkpoint-7488": 0.16789081455805896,
            "checkpoint-8316": 0.04315135759676487
        }
    },
    "smoe_cosinegating": {
        "mmbench_en_dev": {
            "checkpoint-1664": 0.027885704662134473,
            "checkpoint-2496": 0.14785949794615305,
            "checkpoint-3328": 0.06951138580254698,
            "checkpoint-4160": 0.07295223499729565,
            "checkpoint-4992": 0.07127851755234771,
            "checkpoint-5824": 0.025168215809463646,
            "checkpoint-6656": 0.03371335607037513,
            "checkpoint-7488": 0.005334090256100654,
            "checkpoint-8316": 0.001867952474538263
        },
        "scienceqa_img": {
            "checkpoint-1664": 0.024623742670260615,
            "checkpoint-2496": 0.1671747683683491,
            "checkpoint-3328": 0.07386721818900983,
            "checkpoint-4160": 0.08410887582641709,
            "checkpoint-4992": 0.07277754912246483,
            "checkpoint-5824": 0.02369947875181122,
            "checkpoint-6656": 0.032260448235062626,
            "checkpoint-7488": 0.005055669214908402,
            "checkpoint-8316": 0.00188347056948348
        },
        "mmstar": {
            "checkpoint-1664": 0.02559522434045831,
            "checkpoint-2496": 0.15685518967841325,
            "checkpoint-3328": 0.07086173695359137,
            "checkpoint-4160": 0.07499094935490083,
            "checkpoint-4992": 0.07449354900828038,
            "checkpoint-5824": 0.02557250144425188,
            "checkpoint-6656": 0.03944174850760639,
            "checkpoint-7488": 0.005484498363181205,
            "checkpoint-8316": 0.001974966300789524
        }
    },
    "smoe": {
        "mmbench_en_dev": {
            "checkpoint-1664": 0.5842560331295167,
            "checkpoint-2496": 0.5918515502570962,
            "checkpoint-3328": 0.5522276709451753,
            "checkpoint-4160": 0.5368400663028047,
            "checkpoint-4992": 0.47315252861180074,
            "checkpoint-5824": 0.410548596857089,
            "checkpoint-6656": 0.33559442658229477,
            "checkpoint-7488": 0.233424532384671,
            "checkpoint-8316": 0.11512378930056573
        },
        "scienceqa_img": {
            "checkpoint-1664": 0.6030809179169434,
            "checkpoint-2496": 0.5975631167428103,
            "checkpoint-3328": 0.5661719405847523,
            "checkpoint-4160": 0.5449896274503233,
            "checkpoint-4992": 0.48350430926953364,
            "checkpoint-5824": 0.4149196016413919,
            "checkpoint-6656": 0.34484366993782195,
            "checkpoint-7488": 0.2451099507450678,
            "checkpoint-8316": 0.12366018249844547
        },
        "mmstar": {
            "checkpoint-1664": 0.593157134604275,
            "checkpoint-2496": 0.5921873676102446,
            "checkpoint-3328": 0.5610444829578278,
            "checkpoint-4160": 0.5473302522626612,
            "checkpoint-4992": 0.4855532447525515,
            "checkpoint-5824": 0.4183381475062585,
            "checkpoint-6656": 0.343525322549586,
            "checkpoint-7488": 0.2462374350086655,
            "checkpoint-8316": 0.12460061621413443
        }
    }
}