{
    "smoe": {
        "mmbench_en_dev": {
            "checkpoint-1664": 0.6057273873565034,
            "checkpoint-2496": 0.6104295203082032,
            "checkpoint-3328": 0.5726219487051376,
            "checkpoint-4160": 0.549611260183184,
            "checkpoint-4992": 0.4888181075356119,
            "checkpoint-5824": 0.42513279081736616,
            "checkpoint-6656": 0.3528842229015539,
            "checkpoint-7488": 0.24481494845446314,
            "checkpoint-8316": 0.12254490764022827
        },
        "scienceqa_img": {
            "checkpoint-1664": 0.6238950844044978,
            "checkpoint-2496": 0.6164640663299809,
            "checkpoint-3328": 0.5844041910166162,
            "checkpoint-4160": 0.5561234090571808,
            "checkpoint-4992": 0.49859605092293613,
            "checkpoint-5824": 0.42906893288699927,
            "checkpoint-6656": 0.3618762676202513,
            "checkpoint-7488": 0.2572265478515559,
            "checkpoint-8316": 0.13163254697045895
        },
        "mmstar": {
            "checkpoint-1664": 0.6134813897829495,
            "checkpoint-2496": 0.6106143434843608,
            "checkpoint-3328": 0.5805295040026409,
            "checkpoint-4160": 0.5592985062309151,
            "checkpoint-4992": 0.5001336964595197,
            "checkpoint-5824": 0.4324822975984155,
            "checkpoint-6656": 0.3606854832054139,
            "checkpoint-7488": 0.2580552942147396,
            "checkpoint-8316": 0.13272625237269953
        }
    },
    "smoe_perturbed": {
        "mmbench_en_dev": {
            "checkpoint-1664": 0.0,
            "checkpoint-2496": 0.0,
            "checkpoint-3328": 0.0,
            "checkpoint-4160": 4.5753945234014554e-7,
            "checkpoint-4992": 4.1178550710613096e-5,
            "checkpoint-5824": 0.00016437104825319727,
            "checkpoint-6656": 0.00022202101924805563,
            "checkpoint-7488": 0.00012284934295332908,
            "checkpoint-8316": 2.116119967073173e-5
        },
        "scienceqa_img": {
            "checkpoint-1664": 0.0,
            "checkpoint-2496": 0.0,
            "checkpoint-3328": 0.0,
            "checkpoint-4160": 1.2274964608208292e-7,
            "checkpoint-4992": 4.418987258954985e-5,
            "checkpoint-5824": 0.0001709902569923415,
            "checkpoint-6656": 0.0002111293912611826,
            "checkpoint-7488": 8.297876075148807e-5,
            "checkpoint-8316": 1.1047468147387464e-5
        },
        "mmstar": {
            "checkpoint-1664": 0.0,
            "checkpoint-2496": 0.0,
            "checkpoint-3328": 0.0,
            "checkpoint-4160": 0.0,
            "checkpoint-4992": 6.338202525377568e-5,
            "checkpoint-5824": 0.00022975984154493685,
            "checkpoint-6656": 0.00030568622596352225,
            "checkpoint-7488": 0.00013584220516629528,
            "checkpoint-8316": 1.7661137245192705e-5
        }
    },
    "hyperrouter": {
        "mmbench_en_dev": {
            "checkpoint-1664": 0.4242082751614814,
            "checkpoint-2496": 0.43629635310744497,
            "checkpoint-3328": 0.43066301298537,
            "checkpoint-4160": 0.3896403116507103,
            "checkpoint-4992": 0.5130778787624541,
            "checkpoint-5824": 0.37555118490993705,
            "checkpoint-6656": 0.26660303436733246,
            "checkpoint-7488": 0.16599948835650744,
            "checkpoint-8316": 0.04400683083525371
        },
        "scienceqa_img": {
            "checkpoint-1664": 0.4274876719461699,
            "checkpoint-2496": 0.4305410693924617,
            "checkpoint-3328": 0.4331967579854475,
            "checkpoint-4160": 0.38934518342049984,
            "checkpoint-4992": 0.5103441740501602,
            "checkpoint-5824": 0.3816492716097376,
            "checkpoint-6656": 0.27477606475191135,
            "checkpoint-7488": 0.17295204183602536,
            "checkpoint-8316": 0.044045396256111244
        },
        "mmstar": {
            "checkpoint-1664": 0.4220777420153503,
            "checkpoint-2496": 0.43636807790707266,
            "checkpoint-3328": 0.4324560534785838,
            "checkpoint-4160": 0.39228984071965006,
            "checkpoint-4992": 0.5097613270611537,
            "checkpoint-5824": 0.3794087645456797,
            "checkpoint-6656": 0.2708125773706363,
            "checkpoint-7488": 0.17168424527523315,
            "checkpoint-8316": 0.04378212428819014
        }
    },
    "smoe_cosinegating": {
        "mmbench_en_dev": {
            "checkpoint-1664": 0.024381076374143967,
            "checkpoint-2496": 0.12674580612188932,
            "checkpoint-3328": 0.059581187830754556,
            "checkpoint-4160": 0.06253048714053913,
            "checkpoint-4992": 0.06109587218772661,
            "checkpoint-5824": 0.0215727564081117,
            "checkpoint-6656": 0.028897162346035826,
            "checkpoint-7488": 0.004572077362371989,
            "checkpoint-8316": 0.001601102121032797
        },
        "scienceqa_img": {
            "checkpoint-1664": 0.021345672455089896,
            "checkpoint-2496": 0.1432952363440098,
            "checkpoint-3328": 0.06331488119736879,
            "checkpoint-4160": 0.07209332213692894,
            "checkpoint-4992": 0.06238075639068414,
            "checkpoint-5824": 0.020313838930123902,
            "checkpoint-6656": 0.027651812772910823,
            "checkpoint-7488": 0.004333430755635774,
            "checkpoint-8316": 0.0016144033452715543
        },
        "mmstar": {
            "checkpoint-1664": 0.022385078814888177,
            "checkpoint-2496": 0.13445935462573244,
            "checkpoint-3328": 0.06073863167450688,
            "checkpoint-4160": 0.064277956589915,
            "checkpoint-4992": 0.06385161343566889,
            "checkpoint-5824": 0.021919286952215896,
            "checkpoint-6656": 0.033807213006519767,
            "checkpoint-7488": 0.004700998597012461,
            "checkpoint-8316": 0.001692828257819592
        }
    }
}