{
    "Full_smoe": {
        "0": 0.025361746545337762,
        "1": 0.04612777252409918,
        "2": 0.054813232669580936,
        "3": 0.04929919843212702,
        "4": 0.0559155354452216,
        "5": 0.05939332804409787,
        "6": 0.07490232947502388,
        "7": 0.072417660401746,
        "8": 0.06877648869904482,
        "9": 0.06689444568331561,
        "10": 0.07202514326963057,
        "11": 0.07024645144145729,
        "12": 0.06949440155074828,
        "13": 0.07400882167327735,
        "14": 0.07458607923355885,
        "15": 0.083481755929016,
        "16": 0.0965103859330217,
        "17": 0.10286359139743985,
        "18": 0.12194447476753137,
        "19": 0.16909960318085115,
        "20": 0.17586330360901128,
        "21": 0.24781042814112475,
        "22": 0.27522881313783326,
        "23": 0.3011696757183462,
        "24": 0.30848152607705237,
        "25": 0.3178032615285418,
        "26": 0.07365071070070069,
        "mm_projector": 0.1713511561185846
    },
    "Full_smoe_tcmoe": {
        "0": 0.053968723204581896,
        "1": 0.07798791413363587,
        "2": 0.08973527216300782,
        "3": 0.07424945871138738,
        "4": 0.09001798198933506,
        "5": 0.06722470021806658,
        "6": 0.08389429134122717,
        "7": 0.07380116585034152,
        "8": 0.08727751845079991,
        "9": 0.0783988710892542,
        "10": 0.07653336836814156,
        "11": 0.08452562794865419,
        "12": 0.0808645767172695,
        "13": 0.0835101598721101,
        "14": 0.09298542270359272,
        "15": 0.10280014115010595,
        "16": 0.11143780507147312,
        "17": 0.13048742707146124,
        "18": 0.18600999033220836,
        "19": 0.2494183584007745,
        "20": 0.30800297290642953,
        "21": 0.38831584869560576,
        "22": 0.35980483683175407,
        "23": 0.3645224397514378,
        "24": 0.3601381856611826,
        "25": 0.3695834001723496,
        "26": 0.1355327953676331,
        "mm_projector": 0.2292798860227534
    },
    "Full_smoe_sigmoidgating": {
        "0": 0.010028403600056966,
        "1": 0.02114926338195801,
        "2": 0.026881305906507703,
        "3": 0.03401129616631402,
        "4": 0.04083941989474826,
        "5": 0.03953782187567817,
        "6": 0.05072306103176541,
        "7": 0.04599809222751194,
        "8": 0.04604967435201009,
        "9": 0.0463864443037245,
        "10": 0.04877011511060927,
        "11": 0.048244105445014104,
        "12": 0.05610379536946614,
        "13": 0.06089980549282498,
        "14": 0.05508170869615343,
        "15": 0.06645215458340115,
        "16": 0.07567847463819716,
        "17": 0.07794780307345921,
        "18": 0.09393747753567165,
        "19": 0.12526044209798176,
        "20": 0.1354879962073432,
        "21": 0.17223017268710666,
        "22": 0.19368405765957303,
        "23": 0.20522909376356338,
        "24": 0.2336153644985623,
        "25": 0.22178031497531467,
        "26": 0.06068583806355794,
        "mm_projector": 0.12545970810784235
    },
    "Full_xmoe": {
        "0": 0.09666992081536187,
        "1": 0.15002441300286187,
        "2": 0.18176457934909396,
        "3": 0.15019659996032714,
        "4": 0.16521423657735188,
        "5": 0.17298269907633462,
        "6": 0.1630564785003662,
        "7": 0.17022503323025173,
        "8": 0.184548159705268,
        "9": 0.1784127468532986,
        "10": 0.17391629219055177,
        "11": 0.11562348471747505,
        "12": 0.02495004759894477,
        "13": 0.02332307391696506,
        "14": 0.023084398905436197,
        "15": 0.010746758778889974,
        "16": 0.008131210539076063,
        "17": 0.006237099965413412,
        "18": 0.007065941492716471,
        "19": 0.005626213285658095,
        "20": 0.005047169791327582,
        "21": 0.011331372790866427,
        "22": 0.004111558066474067,
        "23": 0.005581138398912218,
        "24": 0.016896453433566622,
        "25": 0.007316378487481011,
        "26": 0.0012883016798231337,
        "mm_projector": 0.006892798741658528
    },
    "Full_smoe_share": {
        "0": 0.0304128950735968,
        "1": 0.07374041233832637,
        "2": 0.06267995447204966,
        "3": 0.06862761181106584,
        "4": 0.08332169365448257,
        "5": 0.07991649726017688,
        "6": 0.09922075100100806,
        "7": 0.08926523648784496,
        "8": 0.08998103923009088,
        "9": 0.09622858685027394,
        "10": 0.10274675086075957,
        "11": 0.10861644931059952,
        "12": 0.1059598364887966,
        "13": 0.11246638430980965,
        "14": 0.09908777816285794,
        "15": 0.11429813566346032,
        "16": 0.13418919628899958,
        "17": 0.14898634230317032,
        "18": 0.17317976215944833,
        "19": 0.2148162182132041,
        "20": 0.23261026759748346,
        "21": 0.2880114573460176,
        "22": 0.2970284810395808,
        "23": 0.32495138479991714,
        "24": 0.332009398035524,
        "25": 0.35710736069349674,
        "26": 0.10456787212868221,
        "mm_projector": 0.21099086276384899
    },
    "Full_smoe_sharev3": {
        "0": 0.014143053690592449,
        "1": 0.03387771818372939,
        "2": 0.04058463096618652,
        "3": 0.045985340542263456,
        "4": 0.0587313895755344,
        "5": 0.054509268866644964,
        "6": 0.07143867174784342,
        "7": 0.0701380983988444,
        "8": 0.06674003389146593,
        "9": 0.07097437964545356,
        "10": 0.07457577493455675,
        "11": 0.0803120051489936,
        "12": 0.07949834823608398,
        "13": 0.08462587038675944,
        "14": 0.08001601643032498,
        "15": 0.09342137018839518,
        "16": 0.10021270751953125,
        "17": 0.1105065737830268,
        "18": 0.12432913250393338,
        "19": 0.16040614657931856,
        "20": 0.17438099013434516,
        "21": 0.2158763715955946,
        "22": 0.22775438626607258,
        "23": 0.24682570033603243,
        "24": 0.2521921475728353,
        "25": 0.26226808124118384,
        "26": 0.08222256978352864,
        "mm_projector": 0.1634253576066759
    },
    "Full_smoe_plus_plus": {
        "0": 0.03139243115826199,
        "1": 0.06247294026491646,
        "2": 0.04898647410937378,
        "3": 0.056431289808824656,
        "4": 0.06357745677064587,
        "5": 0.056586881627509786,
        "6": 0.07356161886955508,
        "7": 0.0657290185868947,
        "8": 0.0665418412441957,
        "9": 0.07091375969065768,
        "10": 0.07343868664724545,
        "11": 0.0748043801715701,
        "12": 0.06951959960615366,
        "13": 0.07788572241177058,
        "14": 0.06970622881535544,
        "15": 0.07608210621336993,
        "16": 0.09493838299091699,
        "17": 0.10480623547944964,
        "18": 0.11690519624661344,
        "19": 0.14507418876229267,
        "20": 0.17022847305310684,
        "21": 0.2170909392716001,
        "22": 0.24997862010793243,
        "23": 0.2601153113395493,
        "24": 0.2918304742377303,
        "25": 0.2980098515671367,
        "26": 0.07563729456612944,
        "mm_projector": 0.1678348090613468
    }
}