{
    "Full_smoe": {
        "0": 0.028769377721628794,
        "1": 0.04900492325471714,
        "2": 0.05873826651686492,
        "3": 0.053487587506184354,
        "4": 0.06036009174197291,
        "5": 0.06273557138489559,
        "6": 0.0788335194568305,
        "7": 0.07759826103139979,
        "8": 0.0737862834072827,
        "9": 0.07164037097144561,
        "10": 0.07530963496142067,
        "11": 0.07414785667159594,
        "12": 0.0728368395123786,
        "13": 0.07789055573210742,
        "14": 0.07686545448106093,
        "15": 0.08497887427685782,
        "16": 0.09764229681629998,
        "17": 0.10711328726106634,
        "18": 0.12461640094150789,
        "19": 0.1736797298110711,
        "20": 0.17896359053712027,
        "21": 0.25060697475479293,
        "22": 0.27458307943485366,
        "23": 0.30730393770205167,
        "24": 0.31382558258545273,
        "25": 0.32570913605880925,
        "26": 0.07546415406830298,
        "mm_projector": 0.17100523198737452
    },
    "Full_smoe_tcmoe": {
        "0": 0.06306629721680657,
        "1": 0.08211762586709423,
        "2": 0.08793355469941161,
        "3": 0.07325564240803942,
        "4": 0.09185979244578629,
        "5": 0.07254899058359054,
        "6": 0.08535638936345155,
        "7": 0.0762557517044091,
        "8": 0.08634260794978278,
        "9": 0.07990679798469258,
        "10": 0.07778442920185626,
        "11": 0.08698108884917262,
        "12": 0.08215338860343521,
        "13": 0.08642416629125364,
        "14": 0.09721781914153446,
        "15": 0.10447303366598984,
        "16": 0.11209906529037593,
        "17": 0.13281745201714026,
        "18": 0.1817976882176008,
        "19": 0.24755368825203428,
        "20": 0.2983254817795241,
        "21": 0.37578098686516753,
        "22": 0.34847704160787785,
        "23": 0.35816525368423513,
        "24": 0.3591947088153101,
        "25": 0.37484436837001706,
        "26": 0.13103438845734733,
        "mm_projector": 0.23049125639690707
    },
    "Full_smoe_sigmoidgating": {
        "0": 0.011450091044108072,
        "1": 0.02258905029296875,
        "2": 0.028657987594604493,
        "3": 0.03608064969380697,
        "4": 0.0428017946879069,
        "5": 0.041131054560343425,
        "6": 0.05199862353006999,
        "7": 0.049162078221639,
        "8": 0.04905571492513021,
        "9": 0.04927911122639974,
        "10": 0.05121278190612793,
        "11": 0.05116322072347005,
        "12": 0.058128677368164065,
        "13": 0.061514358520507816,
        "14": 0.057214790980021156,
        "15": 0.06719746653238932,
        "16": 0.07586655616760254,
        "17": 0.08084212239583333,
        "18": 0.09631427192687989,
        "19": 0.12900649452209473,
        "20": 0.13470952288309734,
        "21": 0.1726099116007487,
        "22": 0.19391103045145672,
        "23": 0.2108838005065918,
        "24": 0.2336234811147054,
        "25": 0.2258802973429362,
        "26": 0.06091130956013997,
        "mm_projector": 0.12296588897705078
    },
    "Full_xmoe": {
        "0": 0.11429979705810547,
        "1": 0.15340436045328776,
        "2": 0.17999335352579754,
        "3": 0.1523971201578776,
        "4": 0.16731804720560708,
        "5": 0.17657205645243326,
        "6": 0.1720828711191813,
        "7": 0.17574437840779622,
        "8": 0.1852297134399414,
        "9": 0.1804041379292806,
        "10": 0.176105717976888,
        "11": 0.11991628964742025,
        "12": 0.026429489771525067,
        "13": 0.024309716542561848,
        "14": 0.02457972208658854,
        "15": 0.011264771143595378,
        "16": 0.008276947021484375,
        "17": 0.006324922561645508,
        "18": 0.007373538335164388,
        "19": 0.005903956095377604,
        "20": 0.004999786376953125,
        "21": 0.011474227905273438,
        "22": 0.004315055211385091,
        "23": 0.005505409876505534,
        "24": 0.017252670288085938,
        "25": 0.008055006663004557,
        "26": 0.0013018086751302083,
        "mm_projector": 0.0067597764333089195
    },
    "Full_smoe_share": {
        "0": 0.03535178835201077,
        "1": 0.07737483077449724,
        "2": 0.06751945787505247,
        "3": 0.07542872965941205,
        "4": 0.08642619879404083,
        "5": 0.08280173706907469,
        "6": 0.10013823419786058,
        "7": 0.09451774462879015,
        "8": 0.09618997223535553,
        "9": 0.10094959531375207,
        "10": 0.10313921416465503,
        "11": 0.11232754998886958,
        "12": 0.10823619851151792,
        "13": 0.11448509363892177,
        "14": 0.10420365399378352,
        "15": 0.11744103628497882,
        "16": 0.13889431612286718,
        "17": 0.1542149654070381,
        "18": 0.17566491074518611,
        "19": 0.22162607888272032,
        "20": 0.23396070649754255,
        "21": 0.29222623670333997,
        "22": 0.30224923161432765,
        "23": 0.3311616037202378,
        "24": 0.3427706141487385,
        "25": 0.36822669838159344,
        "26": 0.10400550506240688,
        "mm_projector": 0.2072025761376911
    },
    "Full_smoe_sharev3": {
        "0": 0.016230931599934897,
        "1": 0.036934783299764,
        "2": 0.04375159327189128,
        "3": 0.049593834559122724,
        "4": 0.06137831560770671,
        "5": 0.05819450823465983,
        "6": 0.07368066342671713,
        "7": 0.0737657388051351,
        "8": 0.07031367492675782,
        "9": 0.0743710371653239,
        "10": 0.07626719665527344,
        "11": 0.08185233306884766,
        "12": 0.08185570335388184,
        "13": 0.08698831240336101,
        "14": 0.08238847668965657,
        "15": 0.09530963643391926,
        "16": 0.10292915217081705,
        "17": 0.11519987042744954,
        "18": 0.12698939514160157,
        "19": 0.1657615394592285,
        "20": 0.17576902389526367,
        "21": 0.21604390080769856,
        "22": 0.22719136555989583,
        "23": 0.25053853543599447,
        "24": 0.2555170809427897,
        "25": 0.2636446666717529,
        "26": 0.08152437273661295,
        "mm_projector": 0.15809321784973143
    },
    "Full_smoe_plus_plus": {
        "0": 0.03605940809302653,
        "1": 0.06532552089480062,
        "2": 0.05372392983175814,
        "3": 0.06182367782108486,
        "4": 0.06766296613689822,
        "5": 0.06014905804418959,
        "6": 0.07533905214630067,
        "7": 0.0690135593068165,
        "8": 0.0693804101915254,
        "9": 0.0741571810784905,
        "10": 0.07650828073041824,
        "11": 0.07856776437559165,
        "12": 0.07244846213616742,
        "13": 0.0803472293020847,
        "14": 0.0734106362236198,
        "15": 0.07785278119759945,
        "16": 0.09479723236290738,
        "17": 0.10537058190900522,
        "18": 0.12091054650737594,
        "19": 0.15008839662675746,
        "20": 0.17198289947328158,
        "21": 0.22312847079422016,
        "22": 0.25728140461002474,
        "23": 0.26992874939902683,
        "24": 0.300966852723388,
        "25": 0.30304889053610773,
        "26": 0.07415102577907964,
        "mm_projector": 0.16741445908206515
    }
}