{
    "Full_smoe_plus_plus": {
        "0": 1.0888194441133074,
        "1": 1.0836034050252703,
        "2": 1.088020938899782,
        "3": 1.087100991010666,
        "4": 1.0841366300317976,
        "5": 1.087041052447425,
        "6": 1.0809243551890055,
        "7": 1.0849934554100036,
        "8": 1.0845120216740503,
        "9": 1.0830343231889936,
        "10": 1.0816073746151393,
        "11": 1.0803577666812474,
        "12": 1.0816926704512702,
        "13": 1.0789541481600868,
        "14": 1.0819313651985591,
        "15": 1.0797371133168538,
        "16": 1.0713180193636151,
        "17": 1.0621339081393348,
        "18": 1.050755918489562,
        "19": 1.0275355515877407,
        "20": 1.0051481413178973,
        "21": 0.9528640339109633,
        "22": 0.9204813809527291,
        "23": 0.9004610182841619,
        "24": 0.8676319459411833,
        "25": 0.8688171821832656,
        "26": 1.067582228316201,
        "mm_projector": 1.0242949018213483
    },
    "Full_xmoe": {
        "0": 1.0738248697916666,
        "1": 1.0545713975694444,
        "2": 1.0489149305555556,
        "3": 1.05654296875,
        "4": 1.0533875868055556,
        "5": 1.0501812065972222,
        "6": 1.05525390625,
        "7": 1.0505533854166667,
        "8": 1.047517361111111,
        "9": 1.0498502604166666,
        "10": 1.0502647569444445,
        "11": 1.0688433159722222,
        "12": 1.0946440972222222,
        "13": 1.0946983506944445,
        "14": 1.0945518663194445,
        "15": 1.0973459201388889,
        "16": 1.0976584201388888,
        "17": 1.098439670138889,
        "18": 1.0982725694444444,
        "19": 1.0981499565972221,
        "20": 1.0985460069444444,
        "21": 1.0976334635416667,
        "22": 1.0986295572916667,
        "23": 1.0985568576388889,
        "24": 1.0966981336805555,
        "25": 1.0976128472222222,
        "26": 1.0986328125,
        "mm_projector": 1.098459201388889
    },
    "Full_smoe_tcmoe": {
        "0": 1.0803930793205898,
        "1": 1.0771045643753476,
        "2": 1.0788598808977339,
        "3": 1.0839455804559919,
        "4": 1.0769217924276988,
        "5": 1.0846645148595173,
        "6": 1.0784639463159773,
        "7": 1.0811357916726005,
        "8": 1.0780675927797954,
        "9": 1.0807951531145308,
        "10": 1.080692781077491,
        "11": 1.078781487279468,
        "12": 1.0783734522925483,
        "13": 1.0755228527386984,
        "14": 1.072144219213062,
        "15": 1.0694089319970872,
        "16": 1.06155004090733,
        "17": 1.0440528234508302,
        "18": 1.014406292769644,
        "19": 0.961057098640336,
        "20": 0.9025958646668328,
        "21": 0.8082265294260449,
        "22": 0.829745225376553,
        "23": 0.8194299156798257,
        "24": 0.8099209180805418,
        "25": 0.8063739688528908,
        "26": 1.0405107112725576,
        "mm_projector": 0.9813061222102907
    },
    "Full_smoe": {
        "0": 1.0933728301525116,
        "1": 1.089595030678643,
        "2": 1.0883033125930361,
        "3": 1.0894232777754467,
        "4": 1.0869092298878564,
        "5": 1.0870643995867835,
        "6": 1.0814393297831217,
        "7": 1.0833116654555004,
        "8": 1.0839455054865943,
        "9": 1.084224894311693,
        "10": 1.0832089409563277,
        "11": 1.0830940107504528,
        "12": 1.0825158010588751,
        "13": 1.0800353076722886,
        "14": 1.0802185372511546,
        "15": 1.0772047939565446,
        "16": 1.0687730210357242,
        "17": 1.060170554584927,
        "18": 1.047854891485638,
        "19": 1.0123362547821468,
        "20": 0.9935923696888818,
        "21": 0.9294435054063797,
        "22": 0.8988921375407113,
        "23": 0.863018405702379,
        "24": 0.8555620604091221,
        "25": 0.852746877140469,
        "26": 1.0661228870020973,
        "mm_projector": 1.0225748285982343
    },
    "Full_smoe_sigmoidgating": {
        "0": 1.097550998263889,
        "1": 1.0964171006944445,
        "2": 1.0957562934027778,
        "3": 1.0947113715277779,
        "4": 1.0926334635416666,
        "5": 1.0931944444444444,
        "6": 1.0902180989583334,
        "7": 1.0916796875,
        "8": 1.0918446180555557,
        "9": 1.0916145833333333,
        "10": 1.0910481770833333,
        "11": 1.091169704861111,
        "12": 1.0886555989583333,
        "13": 1.0873253038194444,
        "14": 1.0881130642361112,
        "15": 1.0848687065972222,
        "16": 1.079875217013889,
        "17": 1.0756814236111112,
        "18": 1.066630859375,
        "19": 1.04689453125,
        "20": 1.0350987413194443,
        "21": 1.0003776041666668,
        "22": 0.9814556206597222,
        "23": 0.9609971788194445,
        "24": 0.934990234375,
        "25": 0.9472081163194445,
        "26": 1.0759223090277779,
        "mm_projector": 1.0532291666666667
    },
    "Full_smoe_sharev3": {
        "0": 1.0976323784722222,
        "1": 1.096072048611111,
        "2": 1.0953233506944444,
        "3": 1.0942708333333333,
        "4": 1.0915581597222221,
        "5": 1.0916156684027778,
        "6": 1.0879177517361112,
        "7": 1.0896733940972223,
        "8": 1.089294704861111,
        "9": 1.0886773003472223,
        "10": 1.087605251736111,
        "11": 1.086833767361111,
        "12": 1.0857899305555556,
        "13": 1.0842144097222222,
        "14": 1.0840418836805557,
        "15": 1.080177951388889,
        "16": 1.0759353298611112,
        "17": 1.0663747829861112,
        "18": 1.0558843315972222,
        "19": 1.0335112847222223,
        "20": 1.0157378472222223,
        "21": 0.9751025390625,
        "22": 0.9621115451388889,
        "23": 0.9352571614583334,
        "24": 0.9287462022569445,
        "25": 0.9312380642361111,
        "26": 1.0728271484375,
        "mm_projector": 1.0494694010416667
    },
    "Full_smoe_share": {
        "0": 1.0937322656313577,
        "1": 1.0872935903072358,
        "2": 1.090413513051139,
        "3": 1.089054697619544,
        "4": 1.0853042278024885,
        "5": 1.0853168724642859,
        "6": 1.0807546974553002,
        "7": 1.0834228437476687,
        "8": 1.0827154948976305,
        "9": 1.0810245445039537,
        "10": 1.0799767778979408,
        "11": 1.0764186786280738,
        "12": 1.07695994509591,
        "13": 1.0718470867474874,
        "14": 1.074859910276201,
        "15": 1.0706883238421545,
        "16": 1.0617273233996498,
        "17": 1.0430022246307797,
        "18": 1.0240399436155956,
        "19": 0.994212597211202,
        "20": 0.9647576845354504,
        "21": 0.9019548514816496,
        "22": 0.8855214269955953,
        "23": 0.8582432913117939,
        "24": 0.8459986992014779,
        "25": 0.840784198641777,
        "26": 1.058556448949708,
        "mm_projector": 1.0209350628323026
    }
}