{
    "Full_smoe_plus_plus": {
        "0": 1.0871122430960338,
        "1": 1.0840917031764985,
        "2": 1.0864377805391947,
        "3": 1.085655750910441,
        "4": 1.0834482181072236,
        "5": 1.0864806797504425,
        "6": 1.0810874435106914,
        "7": 1.084558754046758,
        "8": 1.083899064620336,
        "9": 1.082278189500173,
        "10": 1.0808883293469747,
        "11": 1.0798316515286763,
        "12": 1.0818164927959442,
        "13": 1.0791535227298736,
        "14": 1.0815394757588705,
        "15": 1.0798648519515992,
        "16": 1.0719553937117259,
        "17": 1.0632150024573008,
        "18": 1.0515862919092178,
        "19": 1.0286649209658305,
        "20": 1.0100072894096375,
        "21": 0.9562425485452016,
        "22": 0.921123819510142,
        "23": 0.9004240452448528,
        "24": 0.8670574855009715,
        "25": 0.8708074932495753,
        "26": 1.0715681273937225,
        "mm_projector": 1.025081039905548
    },
    "Full_xmoe": {
        "0": 1.0675690104166666,
        "1": 1.05399609375,
        "2": 1.0495631510416668,
        "3": 1.056005859375,
        "4": 1.0521959635416667,
        "5": 1.0491803385416667,
        "6": 1.0521341145833334,
        "7": 1.0489947916666666,
        "8": 1.047279296875,
        "9": 1.0494186197916666,
        "10": 1.0497180989583332,
        "11": 1.0675859375,
        "12": 1.094271484375,
        "13": 1.0943385416666667,
        "14": 1.0943098958333333,
        "15": 1.0973001302083334,
        "16": 1.0976588541666668,
        "17": 1.0984485677083333,
        "18": 1.09812890625,
        "19": 1.0980501302083334,
        "20": 1.0985690104166668,
        "21": 1.0976412760416667,
        "22": 1.0986321614583334,
        "23": 1.0985690104166668,
        "24": 1.0966536458333334,
        "25": 1.097640625,
        "26": 1.0986328125,
        "mm_projector": 1.0985169270833333
    },
    "Full_smoe_tcmoe": {
        "0": 1.0780991532405217,
        "1": 1.0777545488675435,
        "2": 1.0796881697177887,
        "3": 1.0838891290823618,
        "4": 1.0769623030821482,
        "5": 1.0840229562123616,
        "6": 1.0782702324390412,
        "7": 1.0805626888275146,
        "8": 1.0780605285167695,
        "9": 1.0800280977884928,
        "10": 1.0802469387054443,
        "11": 1.0780175363222757,
        "12": 1.0787205754121145,
        "13": 1.07569646803538,
        "14": 1.071526756922404,
        "15": 1.0695926014582315,
        "16": 1.0616312039693196,
        "17": 1.0456833232243856,
        "18": 1.0189753348429997,
        "19": 0.9664380195935567,
        "20": 0.9175072958072027,
        "21": 0.8226404954592387,
        "22": 0.8415940876404444,
        "23": 0.8304150346914927,
        "24": 0.8180297946532568,
        "25": 0.8036622525850932,
        "26": 1.0442250512043636,
        "mm_projector": 0.9813036146958669
    },
    "Full_smoe": {
        "0": 1.0926341376304627,
        "1": 1.0892230532964071,
        "2": 1.0872004916667939,
        "3": 1.0884319753646852,
        "4": 1.0857429275512696,
        "5": 1.0860402875741322,
        "6": 1.080878705183665,
        "7": 1.0817012236118317,
        "8": 1.0824469278653464,
        "9": 1.082938630660375,
        "10": 1.0820642007986705,
        "11": 1.082069617430369,
        "12": 1.082104853630066,
        "13": 1.0796832998593648,
        "14": 1.079793406565984,
        "15": 1.07718261885643,
        "16": 1.0684508881568908,
        "17": 1.0601875460147858,
        "18": 1.0486972177028655,
        "19": 1.0122633647918702,
        "20": 0.9986820475260416,
        "21": 0.9322380264202754,
        "22": 0.9036597627798716,
        "23": 0.8660615254243215,
        "24": 0.8559586062033971,
        "25": 0.8498856194019317,
        "26": 1.0675934033791223,
        "mm_projector": 1.0231978232463201
    },
    "Full_smoe_sigmoidgating": {
        "0": 1.09742578125,
        "1": 1.0962955729166666,
        "2": 1.0953372395833334,
        "3": 1.0943255208333333,
        "4": 1.0923346354166668,
        "5": 1.0928684895833334,
        "6": 1.090021484375,
        "7": 1.09101171875,
        "8": 1.0911569010416666,
        "9": 1.0908938802083334,
        "10": 1.0902981770833333,
        "11": 1.0904739583333334,
        "12": 1.088310546875,
        "13": 1.0872018229166667,
        "14": 1.0877760416666666,
        "15": 1.0847662760416668,
        "16": 1.079806640625,
        "17": 1.075501953125,
        "18": 1.0670169270833334,
        "19": 1.0469583333333334,
        "20": 1.0382770182291667,
        "21": 1.0024192708333333,
        "22": 0.98244921875,
        "23": 0.961408203125,
        "24": 0.93820703125,
        "25": 0.9473385416666666,
        "26": 1.0778515625,
        "mm_projector": 1.0549329427083334
    },
    "Full_smoe_sharev3": {
        "0": 1.0975143229166666,
        "1": 1.0958157552083334,
        "2": 1.0946985677083334,
        "3": 1.0937434895833333,
        "4": 1.0909876302083332,
        "5": 1.0909641927083333,
        "6": 1.0874010416666666,
        "7": 1.0887779947916667,
        "8": 1.0883561197916667,
        "9": 1.0877141927083334,
        "10": 1.087263671875,
        "11": 1.0861484375,
        "12": 1.0852330729166666,
        "13": 1.0837467447916667,
        "14": 1.0836510416666667,
        "15": 1.0798600260416666,
        "16": 1.0751080729166667,
        "17": 1.0658678385416667,
        "18": 1.0556842447916666,
        "19": 1.0337037760416667,
        "20": 1.0196943359375,
        "21": 0.9804580078125,
        "22": 0.9667545572916667,
        "23": 0.9391848958333333,
        "24": 0.9321435546875,
        "25": 0.9349635416666666,
        "26": 1.0757923177083333,
        "mm_projector": 1.0521809895833334
    },
    "Full_smoe_share": {
        "0": 1.0933161272207896,
        "1": 1.087345039844513,
        "2": 1.0887124274571736,
        "3": 1.0876426079273225,
        "4": 1.0844996894200643,
        "5": 1.0844371069272358,
        "6": 1.0798531577587127,
        "7": 1.0819439493020375,
        "8": 1.0808258050282795,
        "9": 1.07907475399971,
        "10": 1.0785844952265422,
        "11": 1.0753004554112753,
        "12": 1.076104650894801,
        "13": 1.0718520228862762,
        "14": 1.073709128856659,
        "15": 1.070618098338445,
        "16": 1.0607309811115264,
        "17": 1.0436308844486872,
        "18": 1.0253515099287034,
        "19": 0.9951455766359965,
        "20": 0.9704537440141042,
        "21": 0.9079392124017079,
        "22": 0.891265990893046,
        "23": 0.8620728545586268,
        "24": 0.8464280854066213,
        "25": 0.8409304983615875,
        "26": 1.0622381128072738,
        "mm_projector": 1.0236087569793066
    }
}